id,單字,组词,原註,罕度
16,朧,朦朧(朦胧),,1
17,嚨,喉嚨(喉咙),,1
21,窿,窟窿,,1
23,囪,煙囪(烟囱),,1
27,衷,熱衷(热衷),,1
42,蚣,蜈蚣,,1
56,鴻,鴻雁(鸿雁),,1
62,楓,楓樹(枫树),,1
65,篷,帳篷(帐篷),,1
68,馮,姓馮(姓冯),馮姓,1
69,馮,暴虎馮河(暴虎冯河),暴虎馮河,1
72,朦,朦朧(朦胧),,1
73,檬,檸檬(柠檬),,1
91,仲,仲裁,,1
96,甕,甕中捉鱉(瓮中捉鳖),,1
117,簇,簇擁(簇拥),,1
120,鑿,確鑿(确凿),,1
127,軸,軸承(轴承),,1
129,矗,矗立,,1
131,淑,淑女,,1
150,郁,濃郁(浓郁),,1
158,蝠,蝙蝠,,1
166,沐,沐浴,,1
167,睦,和睦,,1
168,穆,肅穆(肃穆),,1
175,彤,紅彤彤(红彤彤),,1
178,膿,膿液(脓液),流脓水,1
184,綜,綜合(综合),,1
189,褥,被褥,,1
202,訟,訴訟(诉讼),,1
214,茸,鹿茸,,1
221,洶,洶湧(汹涌),,1
223,匈,匈奴,,1
225,蓉,芙蓉,,1
226,溶,溶解,,1
240,聳,聳立(耸立),,1
245,寵,寵愛(宠爱),,1
251,拱,拱橋(拱桥),,1
255,蛹,蠶蛹(蚕蛹),,1
264,粟,滄海一粟(沧海一粟),,1
274,蜀,蜀漢(蜀汉),,1
276,贖,贖罪(赎罪),,1
282,旭,旭日,,1
288,樁,木樁(木桩),,1
291,幢,幡幢,幡幢,1
292,幢,一幢樓(一栋楼),量詞,1
293,幢,海幢寺,海幢寺,1
296,肛,肛門(肛门),,1
304,邦,友邦,,1
305,龐,龐大(庞大),,1
311,蚌,蚌殼(蚌壳),,1
315,琢,雕琢,,1
316,卓,卓越,,1
325,嶽,五嶽(五岳),,1
326,岳,岳父,,1
346,漓,淋漓,,1
347,籬,籬笆(篱笆),,1
349,雌,雌雄,,1
371,窺,窺探(窥探),,1
372,墮,墮落(堕落),,1
377,卑,卑鄙,,1
379,瀰,瀰漫(弥漫),,1
381,彌,彌補(弥补),,1
382,歧,歧途,,1
392,髓,骨髓,,1
397,侈,奢侈,,1
399,弛,松弛,,1
401,蕊,花蕊,,1
402,爾,爾後(尔后),,1
409,賜,恩賜(恩赐),,1
414,吱,吱吱,,1
420,譬,譬如,,1
432,妓,妓女,,1
433,畸,畸形,,1
434,崎,崎嶇(崎岖),崎嶇,1
435,崎,長崎(长崎),長崎,1
440,涯,天涯,,1
450,萎,枯萎,枯萎,1
460,糜,糜爛(糜烂),,1
467,揣,揣測(揣测),,1
469,詭,詭計(诡计),,1
478,靡,風靡(风靡),,1
479,靡,靡靡,,1
488,諮,諮詢(咨询),,1
491,瓷,瓷器,,1
496,錐,圓錐(圆锥),,1
500,屎,屎尿,,1
502,伊,伊人,,1
504,胰,胰臟(胰脏),,1
505,夷,夷為平地(夷为平地),,1
519,鰭,魚鰭(鱼鳍),,1
523,履,履行,,1
525,姊,姊妹,,1
530,矢,矢量,,1
539,痢,痢疾,,1
545,悴,憔悴,,1
547,嫉,嫉妒,,1
550,粹,純粹(纯粹),,1
554,祟,作祟,,1
556,遂,未遂,,1
559,隧,隧道,,1
560,摯,摯友(挚友),,1
563,嗜,嗜好,,1
565,貳,貳心(贰心),,1
568,庇,庇護(庇护),,1
571,屁,屁股,,1
580,椎,鐵椎(铁椎),鐵椎,1
581,椎,脊椎,脊椎,1
583,莉,茉莉,,1
596,薇,薔薇(蔷薇),,1
598,楣,門楣(门楣),,1
609,膩,膩煩(腻烦),,1
613,墜,墜落(坠落),,1
614,稚,幼稚,,1
619,冀,希冀,,1
627,泌,分泌,,1
630,媚,明媚,,1
648,伺,窺伺(窥伺),窺伺,1
649,伺,伺候,伺候,1
653,祠,祠堂,,1
654,痴,痴迷,,1
659,嗤,嗤笑,,1
665,箕,簸箕,,1
668,熙,熙熙攘攘,,1
671,嬉,嬉戲(嬉戏),,1
690,鯉,鯉魚(鲤鱼),,1
708,趾,趾高氣揚(趾高气扬),,1
712,恃,仗恃,,1
719,擬,擬定(拟定),,1
724,吏,官吏,,1
743,餌,魚餌(鱼饵),,1
752,嘰,嘰嘰喳喳(叽叽喳喳),,1
754,譏,譏笑(讥笑),,1
757,巍,巍峨,,1
761,徽,徽章,,1
777,菲,芳菲,芳菲,1
778,菲,菲薄,菲薄,1
779,祈,祈禱(祈祷),,1
787,葦,蘆葦(芦苇),,1
798,魏,魏晉(魏晋),,1
800,諱,忌諱(忌讳),,1
802,蔚,蔚藍(蔚蓝),,1
806,尉,太尉,太尉,1
807,尉,尉遲(尉迟),尉遲,1
811,謂,所謂(所谓),,1
813,蝟,刺蝟(刺猬),,1
814,緯,緯度(纬度),,1
821,廬,茅廬(茅庐),,1
826,蛆,蛆蟲(蛆虫),,1
827,沮,沮喪(沮丧),沮喪,1
828,沮,沮水,沮水。水名,1
829,沮,沮洳,沮洳,1
861,衙,衙門(衙门),,1
869,輿,輿論(舆论),,1
879,侶,伴侶(伴侣),,1
880,呂,呂氏(吕氏),,1
887,抒,抒發(抒发),,1
888,貯,貯藏(贮藏),,1
899,墅,別墅(别墅),,1
903,黍,黍子,,1
915,炬,火炬,,1
921,署,署名,,1
922,曙,曙光,,1
924,恕,寬恕(宽恕),,1
925,庶,庶民,,1
932,豫,猶豫(犹豫),,1
942,鍍,鍍金(镀金),,1
945,盧,盧溝橋(卢沟桥),,1
946,顱,頭顱(头颅),,1
950,酥,酥脆,,1
953,箍,鐵箍(铁箍),,1
957,沽,沽名釣譽(沽名钓誉),,1
960,蜈,蜈蚣,,1
961,梧,梧桐,,1
971,弧,弧形,,1
972,葫,葫蘆(葫芦),,1
981,菩,菩薩(菩萨),,1
983,蒲,蒲草,,1
988,睹,目睹,,1
1000,滷,滷味(卤味),,1
1012,賈,商賈(商贾),商賈,1
1013,賈,賈姓(贾姓),賈姓,1
1021,雇,僱傭(雇佣),,1
1022,滬,滬劇(沪剧),,1
1025,塢,山塢(山坞),山塢,1
1026,塢,船塢(船坞),船塢,1
1027,圃,花圃,,1
1030,簿,帳簿(账簿),,1
1033,莽,魯莽(鲁莽),,1
1034,浦,浦東(浦东),,1
1036,妒,嫉妒,,1
1044,賂,賄賂(贿赂),,1
1046,措,措施,,1
1064,晤,會晤(会晤),,1
1071,哺,哺育,,1
1075,募,招募,,1
1083,娶,娶妻,,1
1088,雛,雛鳥(雏鸟),,1
1092,樞,樞紐(枢纽),,1
1097,儒,儒學(儒学),,1
1098,懦,懦弱,,1
1101,嶇,崎嶇(崎岖),,1
1102,軀,身軀(身躯),,1
1104,摳,摳門(抠门),,1
1107,隅,角落,,1
1111,吁,氣喘吁吁(气喘吁吁),,1
1114,迂,迂腐,,1
1115,芋,芋頭(芋头),,1
1118,逾,逾期,,1
1122,舀,舀水,,1
1129,芙,芙蓉,,1
1132,蕪,荒蕪(荒芜),,1
1134,巫,巫師(巫师),,1
1135,誣,誣陷(诬陷),,1
1139,孵,孵化,,1
1140,敷,敷衍,,1
1145,縷,絲縷(丝缕),,1
1148,拄,拄杖,,1
1168,脯,肉脯,肉脯,1
1169,脯,胸脯,胸脯,1
1173,甫,台甫,台甫,1
1174,甫,十八甫,十八甫,1
1179,鵡,鸚鵡(鹦鹉),,1
1190,蛀,蛀牙,,1
1195,寓,公寓,,1
1197,喻,比喻,,1
1199,籲,呼籲(呼吁),,1
1205,賦,天賦(天赋),,1
1216,汰,淘汰,,1
1220,兌,兌換(兑换),,1
1221,奈,無奈(无奈),,1
1224,癩,癩痢(癞痢),,1
1231,丐,乞丐,,1
1232,磕,磕頭(磕头),,1
1233,轄,管轄(管辖),,1
1235,艾,艾草,,1
1236,渙,渙散(涣散),,1
1242,藹,和藹(和蔼),,1
1244,沛,充沛,,1
1245,狽,狼狽(狼狈),,1
1248,穢,污穢(污秽),,1
1250,吠,犬吠,,1
1262,蝸,蝸牛(蜗牛),,1
1276,蟹,螃蟹,,1
1283,懈,懈怠,,1
1284,卦,八卦,,1
1290,齋,齋戒(斋戒),,1
1292,楷,楷書(楷书),楷書,1
1293,楷,楷樹(楷树),楷樹,1
1299,淮,淮河,,1
1302,諧,和諧(和谐),,1
1306,駭,驚駭(惊骇),,1
1311,誡,告誡(告诫),,1
1315,芥,芥菜,,1
1324,憊,疲憊(疲惫),,1
1325,湃,澎湃,,1
1331,祭,祭祖,,1
1335,贅,累贅(累赘),,1
1345,蛻,蛻變(蜕变),,1
1348,鈉,鈉(钠),,1
1364,綴,點綴(点缀),點綴,1
1365,綴,綴足(缀足),綴足,1
1366,滯,滯留(滞留),,1
1375,啼,啼哭,,1
1376,締,締造(缔造),,1
1387,淒,淒涼(凄凉),,1
1388,悽,悽慘(凄惨),,1
1391,臍,肚臍(肚脐),,1
1392,棲,棲息(栖息),,1
1393,犀,犀牛,,1
1396,嘶,嘶鳴(嘶鸣),,1
1399,閨,閨房(闺房),,1
1401,稽,無稽之談(无稽之谈),無稽之談,1
1402,稽,稽首,稽首,1
1411,畦,菜畦,,1
1418,涕,鼻涕,,1
1451,契,契約(契约),契約,1
1452,契,契丹,契丹,1
1453,契,契,殷商的始祖,1
1462,胎,輪胎(轮胎),,1
1465,苔,青苔,青苔,1
1466,苔,舌苔,舌苔,1
1469,萊,萊茵河(莱茵河),,1
1488,埃,塵埃(尘埃),,1
1508,亥,亥時(亥时),,1
1529,敦,敦厚,,1
1530,頹,頹廢(颓废),,1
1532,儡,傀儡,,1
1534,崔,崔,,1
1538,傀,傀儡,傀儡,1
1539,傀,傀偉(傀伟),傀偉,1
1541,魁,魁梧,,1
1542,盔,頭盔(头盔),,1
1543,桅,桅杆,,1
1547,瑰,玫瑰,玫瑰,1
1548,瑰,瑰麗(瑰丽),瑰麗,1
1551,徊,徘徊,,1
1552,偎,依偎,,1
1556,徘,徘徊,,1
1558,媒,媒體(媒体),,1
1561,枚,一枚,,1
1564,餒,氣餒(气馁),,1
1565,蕾,花蕾,,1
1573,啡,咖啡,,1
1581,誨,教誨(教诲),,1
1582,晦,晦氣(晦气),,1
1583,潰,潰瘍(溃疡),,1
1591,昧,愚昧,,1
1594,掄,掄刀(抡刀),,1
1595,磷,磷肥,,1
1600,倫,倫理(伦理),,1
1603,鱗,魚鱗(鱼鳞),,1
1604,淪,淪陷(沦陷),,1
1607,竣,竣工,,1
1610,秦,秦朝,,1
1616,馴,馴養(驯养),,1
1621,諄,諄諄(谆谆),,1
1626,淳,淳樸(淳朴),,1
1627,醇,醇厚,,1
1638,紳,紳士(绅士),,1
1639,呻,呻吟,,1
1644,鈞,千鈞一髮(千钧一发),,1
1647,茵,綠草如茵(绿草如茵),,1
1654,頻,頻繁(频繁),,1
1656,繽,繽紛(缤纷),,1
1659,疹,濕疹(湿疹),,1
1669,蚓,蚯蚓,,1
1676,吝,吝嗇(吝啬),,1
1680,駿,駿馬(骏马),,1
1682,峻,峻峭,,1
1685,殉,殉職(殉职),,1
1687,盹,打盹,,1
1690,瞬,瞬間(瞬间),,1
1693,閏,閏月(闰月),,1
1697,韌,韌性(韧性),,1
1699,鬢,鬢角(鬓角),,1
1703,卒,士卒,士卒,1
1704,卒,倉卒(仓卒),倉卒,1
1705,唧,唧唧,,1
1706,柒,柒,,1
1713,恤,體恤(体恤),,1
1714,蟋,蟋蟀,,1
1726,壹,壹,,1
1728,逸,安逸,,1
1729,溢,溢出,,1
1737,紉,縫紉(缝纫),,1
1750,彬,彬彬有禮(彬彬有礼),,1
1753,閩,閩南(闽南),,1
1754,隕,隕石(陨石),,1
1755,憫,憐憫(怜悯),,1
1757,窘,窘迫,,1
1764,茁,茁壯(茁壮),,1
1765,窒,窒息,,1
1769,蟀,蟋蟀,,1
1774,瑟,瑟瑟,,1
1775,蝨,蝨子(虱子),,1
1785,墩,土墩,,1
1787,臀,臀部,,1
1798,坤,乾坤,,1
1821,鈍,遲鈍(迟钝),,1
1824,遜,謙遜(谦逊),,1
1829,凸,凸顯(凸显),,1
1835,窟,窟窿,,1
1840,渤,渤海,,1
1841,勃,勃發(勃发),,1
1847,殷,殷切,殷切,1
1848,殷,殷紅(殷红),殷紅,1
1860,屹,屹立,,1
1861,迄,迄今,,1
1866,燻,燻製(熏制),,1
1867,勛,功勛(功勋),,1
1868,蘊,蘊含(蕴含),,1
1877,焚,焚燒(焚烧),,1
1879,頒,頒布(颁布),,1
1880,氛,氛圍(氛围),,1
1888,醞,醞釀(酝酿),,1
1892,吻,親吻(亲吻),,1
1893,忿,忿怒,,1
1903,紊,紊亂(紊乱),,1
1906,鬱,鬱悶(郁闷),,1
1912,拂,拂曉(拂晓),,1
1915,倔,倔強(倔强),,1
1929,檀,檀木,,1
1936,巒,山巒(山峦),,1
1938,瀾,波瀾(波澜),,1
1946,珊,珊瑚,,1
1949,棺,棺材,,1
1972,翰,翰林,,1
1976,韓,韓國(韩国),,1
1985,蔓,藤蔓,藤蔓,1
1986,蔓,蔓菁,蔓菁,1
1989,曼,曼妙,,1
1991,潘,潘,,1
1997,瘓,癱瘓(瘫痪),,1
1999,袒,袒護(袒护),,1
2046,煥,煥發(焕发),,1
2048,悍,強悍(强悍),,1
2052,腕,手腕,,1
2053,惋,惋惜,,1
2056,絆,牽絆(牵绊),,1
2058,畔,河畔,,1
2060,幔,帷幔,,1
2068,捺,按捺,,1
2069,撮,一小撮,,1
2070,薩,菩薩(菩萨),,1
2078,豁,豁達(豁达),,1
2079,褐,褐色,,1
2080,遏,遏制,,1
2082,跋,跋涉,,1
2092,軒,軒昂(轩昂),,1
2093,喧,喧嘩(喧哗),,1
2095,鴛,鴛鴦(鸳鸯),,1
2100,宛,宛如,宛然,1
2101,宛,大宛,大宛,1
2105,轅,轅門(辕门),,1
2106,猿,猿猴,,1
2107,袁,袁,,1
2110,樊,樊,,1
2119,堰,堤堰,,1
2122,婉,婉轉(婉转),,1
2146,粵,粵語(粤语),,1
2153,筏,竹筏,,1
2173,撰,撰寫(撰写),,1
2176,柵,木柵(木栅),木柵,1
2177,柵,柵極(栅极),柵極,1
2179,澗,山澗(山涧),,1
2189,帕,手帕,,1
2198,棧,棧道(栈道),,1
2204,綻,綻放(绽放),,1
2213,煞,煞車(刹车),,1
2215,楔,楔子,,1
2221,捌,捌,,1
2235,痊,痊愈,,1
2245,氈,氈子(毡子),,1
2248,蟬,蟬聯(蝉联),,1
2262,蜒,蜿蜒,,1
2274,翩,翩翩,,1
2287,闡,闡述(阐述),,1
2293,衍,衍生,,1
2295,緬,緬懷(缅怀),,1
2303,擅,擅長(擅长),,1
2306,譴,譴責(谴责),,1
2314,薛,薛,,1
2316,拙,拙劣,,1
2326,栓,門栓(门栓),,1
2345,冕,加冕,,1
2349,碾,碾壓(碾压),,1
2350,眷,眷屬(眷属),,1
2352,諺,諺語(谚语),,1
2357,吶,吶喊(呐喊),,1
2359,轍,車轍(车辙),,1
2362,澈,清澈,,1
2372,佃,佃作,佃作,1
2373,佃,佃農(佃农),佃農,1
2380,濺,濺濺(溅溅),濺濺,1
2381,濺,飛濺(飞溅),飛濺,1
2390,鵑,杜鵑(杜鹃),,1
2401,玄,玄妙,,1
2404,淵,深淵(深渊),,1
2410,蝙,蝙蝠,,1
2422,匾,匾額(匾额),,1
2426,奠,奠基,,1
2429,甸,伊甸園(伊甸园),,1
2430,澱,澱粉(淀粉),,1
2438,硯,硯台(砚台),,1
2440,炫,炫耀,,1
2455,訣,口訣(口诀),,1
2468,癟,癟三(瘪三),,1
2494,曹,曹,,1
2495,搔,搔癢(搔痒),,1
2496,騷,騷擾(骚扰),,1
2499,羔,羊羔,,1
2500,篙,竹篙,,1
2502,熬,熬夜,,1
2508,蒿,蒿草,,1
2513,褒,褒揚(褒扬),,1
2517,擣,擣衣(捣衣),,1
2521,禱,禱告(祷告),,1
2528,潦,流潦,流潦,1
2529,潦,潦倒,潦倒,1
2532,藻,水藻,,1
2533,蚤,跳蚤,,1
2549,懊,懊悔,,1
2562,糙,粗糙,,1
2563,噪,噪音,,1
2569,澳,澳洲,,1
2574,瀑,瀑布,,1
2578,嘲,嘲笑,,1
2580,嘮,嘮叨(唠叨),,1
2584,巢,巢穴,,1
2595,哮,哮喘,,1
2596,餚,佳餚(佳肴),,1
2597,淆,混淆,,1
2598,肴,菜肴,,1
2600,苞,花苞,,1
2606,咆,咆哮,,1
2630,酵,發酵(发酵),,1
2631,窖,地窖,,1
2639,豹,獵豹(猎豹),,1
2643,燎,燎原,,1
2647,憔,憔悴,,1
2655,硝,硝石,,1
2656,昭,昭示,,1
2662,蹺,蹺蹺板(跷跷板),,1
2673,姚,姚,,1
2676,瓢,水瓢,,1
2681,翹,翹首(翘首),翹首,1
2682,翹,翹起(翘起),翹起,1
2685,沼,沼澤(沼泽),,1
2692,渺,渺茫,,1
2696,峭,峭壁,,1
2697,俏,俊俏,,1
2698,肖,生肖,,1
2715,囂,喧囂(喧嚣),,1
2717,夭,夭折,,1
2727,矯,矯正(矫正),,1
2732,刁,刁難(刁难),,1
2744,聊,聊天,,1
2745,撩,撩撥(撩拨),,1
2746,嘹,嘹亮,,1
2747,瞭,瞭望,瞭望,1
2748,瞭,明瞭(明了),明瞭,1
2751,繚,繚繞(缭绕),,1
2752,寥,寂寥,,1
2756,蕭,蕭條(萧条),,1
2758,簫,洞簫(洞箫),,1
2763,僥,僬僥(僬侥),僬僥，短人，西南夷別名,1
2764,僥,僥倖(侥幸),僥倖,1
2778,嘯,長嘯(长啸),,1
2781,竅,竅門(窍门),,1
2790,馱,馱運(驮运),,1
2794,囉,囉嗦(啰嗦),囉嗦,1
2795,囉,嘍囉(喽啰),嘍囉,1
2805,搓,搓手,,1
2810,梭,穿梭,,1
2813,渦,漩渦(漩涡),漩渦,1
2814,渦,渦河(涡河),渦河,1
2818,戈,干戈,,1
2823,蝌,蝌蚪,,1
2826,訛,訛詐(讹诈),,1
2831,俄,俄羅斯(俄罗斯),,1
2834,呵,呵斥,,1
2835,靴,靴子,,1
2838,苛,苛刻,,1
2854,頗,頗為(颇为),,1
2860,枷,枷鎖(枷锁),,1
2863,橢,橢圓(椭圆),,1
2865,舵,舵手,,1
2866,娜,婀娜,婀娜,1
2867,娜,安娜,安娜,1
2868,裸,裸露,,1
2871,瑣,瑣碎(琐碎),,1
2878,坷,坎坷,,1
2883,跛,跛行,,1
2884,跛,跛,白讀,1
2885,跛,跛,站立時重心偏於某一足上,1
2886,簸,顛簸(颠簸),,1
2890,唾,唾棄(唾弃),,1
2891,邏,邏輯(逻辑),,1
2892,挫,挫折,,1
2901,縛,束縛(束缚),,1
2909,砂,砂石,,1
2913,奢,奢侈,,1
2931,樺,白樺(白桦),,1
2943,窪,窪地(洼地),,1
2946,椰,椰子,,1
2950,笆,籬笆(篱笆),,1
2951,芭,芭蕉,,1
2956,蟆,蛤蟆,,1
2971,寡,寡婦(寡妇),,1
2998,詐,詐騙(诈骗),,1
3000,乍,乍看,,1
3001,蔗,甘蔗,,1
3004,赦,赦免,,1
3009,訝,驚訝(惊讶),,1
3011,唬,嚇唬,,1
3013,暇,閒暇(闲暇),,1
3021,靶,靶子,,1
3027,鐺,鐺鐺(铛铛),鐺鐺,1
3028,鐺,瓦鐺(瓦铛),瓦鐺,1
3031,棠,海棠,,1
3038,琅,琳琅,,1
3039,榔,檳榔(槟榔),,1
3045,贓,贓款(赃款),,1
3046,滄,滄桑(沧桑),,1
3060,恍,恍惚,,1
3069,杭,杭州,,1
3070,凰,鳳凰(凤凰),,1
3072,惶,惶恐,,1
3081,吭,引吭高歌,引吭高歌,1
3082,吭,一聲不吭(一声不吭),吭聲,1
3094,螃,螃蟹,,1
3099,磅,磅礴,磅礴,1
3100,磅,磅,重量單位,1
3108,慷,慷慨,,1
3110,骯,骯髒(肮脏),,1
3126,拓,開拓(开拓),開拓,1
3127,拓,拓本,拓本,1
3128,踱,踱步,,1
3129,諾,諾言(诺言),,1
3130,酪,乳酪,乳酪,1
3131,酪,杏仁酪,杏仁酪,1
3132,洛,洛陽(洛阳),,1
3133,烙,烙印,,1
3144,郭,郭,,1
3145,廓,輪廓(轮廓),,1
3146,噩,噩夢(噩梦),,1
3147,愕,驚愕(惊愕),,1
3150,霍,霍,,1
3154,鶴,仙鶴(仙鹤),,1
3162,寞,寂寞,,1
3176,蔣,蔣(蒋),,1
3187,湘,湘江,,1
3190,廂,車廂(车厢),,1
3192,翔,飛翔(飞翔),,1
3201,妝,化妝(化妆),,1
3211,樟,樟腦(樟脑),,1
3214,彰,彰顯(彰显),,1
3215,猖,猖狂,,1
3229,攘,攘除,攘除,1
3230,攘,擾攘(扰攘),擾攘,1
3231,鑲,鑲嵌(镶嵌),,1
3234,韁,韁繩(缰绳),,1
3240,眶,眼眶,,1
3243,鴦,鴛鴦(鸳鸯),,1
3258,肪,脂肪,,1
3284,杖,拐杖,,1
3295,逛,逛街,,1
3302,枉,冤枉,,1
3328,漾,蕩漾(荡漾),,1
3334,爵,爵位,,1
3338,酌,斟酌,,1
3339,灼,灼熱(灼热),,1
3341,綽,闊綽(阔绰),,1
3342,爍,閃爍(闪烁),,1
3343,溺,溺水,溺死,1
3344,溺,便溺,便溺,1
3349,瘧,瘧疾(疟疾),,1
3350,虐,虐待,,1
3355,獰,猙獰(狰狞),,1
3359,澄,澄清,,1
3364,笙,蘆笙(芦笙),,1
3365,猩,猩猩,,1
3366,甥,外甥,,1
3368,羹,蛋羹,,1
3372,埂,田埂,,1
3376,荊,荊棘(荆棘),,1
3378,卿,愛卿(爱卿),,1
3385,瑩,晶瑩(晶莹),,1
3392,澎,澎湃,,1
3393,彭,彭,,1
3395,坪,草坪,,1
3400,擎,引擎,,1
3401,鯨,鯨魚(鲸鱼),,1
3402,檸,檸檬(柠檬),,1
3409,梗,梗概,,1
3418,秉,秉承,,1
3423,皿,器皿,,1
3448,赫,顯赫(显赫),,1
3457,陌,陌生,,1
3463,瞪,瞪眼,,1
3464,橙,橙子,,1
3466,猙,猙獰(狰狞),,1
3474,鶯,黃鶯(黄莺),,1
3475,鸚,鸚鵡(鹦鹉),,1
3479,繃,繃帶(绷带),繃帶,1
3480,繃,繃臉(绷脸),繃著臉,1
3483,砰,砰砰,,1
3484,耿,耿直,,1
3513,怔,怔住,,1
3525,嬰,嬰兒(婴儿),,1
3529,屏,屏幕,屏幕,1
3530,屏,屏除,屏除,1
3533,瓊,瓊樓(琼楼),,1
3539,阱,陷阱,,1
3540,靖,綏靖(绥靖),,1
3544,穎,新穎(新颖),,1
3554,聘,招聘,,1
3561,昔,昔日,,1
3569,碩,碩士(硕士),,1
3577,奕,神采奕奕,,1
3579,腋,腋下,,1
3580,繹,演繹(演绎),,1
3586,璧,完璧歸趙(完璧归赵),,1
3595,逞,逞強(逞强),,1
3598,擲,投擲(投掷),,1
3615,廷,朝廷,,1
3623,蛉,蜻蛉,,1
3626,玲,玲瓏(玲珑),,1
3639,螢,螢火蟲(萤火虫),,1
3644,銘,銘記(铭记),,1
3645,螟,螟蟲(螟虫),,1
3646,鼎,鼎盛,,1
3649,濘,泥濘(泥泞),,1
3660,剔,剔除,,1
3663,滌,洗滌(洗涤),,1
3668,瀝,瀝乾(沥干),瀝乾,1
3669,瀝,大瀝(大沥),大瀝，地名,1
3670,靂,霹靂(霹雳),,1
3672,礫,砂礫(砂砾),,1
3676,寂,寂靜(寂静),,1
3683,覓,尋覓(寻觅),,1
3685,霹,霹靂(霹雳),,1
3689,藤,藤蔓,,1
3690,楞,楞角,楞角,1
3691,楞,發楞(发楞),發楞,1
3692,稜,稜角(棱角),,1
3694,憎,憎恨,,1
3698,僧,僧人,,1
3701,崩,崩潰(崩溃),,1
3703,鵬,大鵬(大鹏),,1
3706,蹬,蹬腿,,1
3707,鄧,鄧(邓),,1
3713,肋,肋骨,,1
3728,凌,凌晨,,1
3730,菱,菱角,,1
3749,兢,兢兢業業(兢兢业业),,1
3759,拯,拯救,,1
3765,匿,匿名,,1
3782,拭,擦拭,,1
3784,棘,荊棘(荆棘),,1
3787,抑,抑制,,1
3796,瘤,腫瘤(肿瘤),,1
3799,硫,硫磺,,1
3806,囚,囚犯,,1
3812,疇,範疇(范畴),,1
3826,鳩,斑鳩(斑鸠),,1
3827,蚯,蚯蚓,,1
3858,鈕,按鈕(按钮),,1
3863,肘,肘部,,1
3873,灸,針灸(针灸),,1
3875,韭,韭菜,,1
3876,玖,玖,,1
3890,臼,臼齒(臼齿),,1
3906,漱,漱口,,1
3913,疚,內疚(内疚),,1
3917,佑,保佑,,1
3920,輻,輻射(辐射),,1
3929,兜,兜風(兜风),,1
3936,簍,竹簍(竹篓),,1
3944,侯,諸侯(诸侯),,1
3946,嘔,嘔啞(呕哑),嘔啞,1
3947,嘔,嘔吐(呕吐),嘔吐,1
3948,嘔,嘔氣(呕气),嘔氣,1
3950,鷗,海鷗(海鸥),,1
3953,蚪,蝌蚪,,1
3960,垢,污垢,,1
3961,苟,苟且,,1
3966,藕,蓮藕(莲藕),,1
3973,牡,牡丹,,1
3975,拇,拇指,,1
3982,陋,簡陋(简陋),,1
3994,姆,保姆,,1
3998,幽,幽靜(幽静),,1
3999,彪,彪悍,,1
4003,謬,謬論(谬论),,1
4005,琳,琳琅,,1
4014,斟,斟酌,,1
4015,忱,熱忱(热忱),,1
4020,淫,淫穢(淫秽),,1
4023,寢,寢室(寝室),,1
4035,輯,編輯(编辑),,1
4050,揖,作揖,,1
4063,襟,衣襟,,1
4067,欽,欽佩(钦佩),,1
4068,吟,吟詩(吟诗),,1
4072,擒,擒拿,,1
4074,凜,凜冽(凛冽),,1
4080,稟,稟報(禀报),,1
4086,澀,羞澀(羞涩),,1
4091,泣,哭泣,,1
4094,邑,城邑,,1
4108,柑,柑橘,,1
4110,憨,憨厚,,1
4111,酣,酣睡,,1
4114,攬,包攬(包揽),,1
4116,欖,橄欖(橄榄),,1
4117,橄,橄欖(橄榄),,1
4125,蹋,糟蹋,,1
4137,怯,膽怯(胆怯),,1
4154,嵌,鑲嵌(镶嵌),,1
4162,匣,匣子,,1
4167,攙,攙扶(搀扶),,1
4169,杉,杉樹(杉树),,1
4170,摻,摻雜(掺杂),,1
4178,蘸,蘸醬(蘸酱),,1
4183,掐,掐住,,1
4188,凹,凹凸,,1
4195,鹼,鹼性(碱性),,1
4201,瞻,瞻仰,,1
4207,閻,閻羅(阎罗),,1
4210,斂,收斂(收敛),,1
4235,醃,醃製(腌制),,1
4245,奄,奄奄一息,奄奄一息,1
4246,奄,奄有,奄有,1
4247,貶,貶低(贬低),,1
4251,俺,俺,,1
4253,聶,聶(聂),,1
4255,霎,霎時(霎时),,1
4258,恬,恬靜(恬静),,1
4265,玷,玷污,,1
4277,頰,臉頰(脸颊),,1
4278,莢,豆莢(豆荚),,1
4280,挾,挾持(挟持),,1
4281,俠,俠客(侠客),,1
4286,譚,譚(谭),,1
4288,潭,深潭,,1
4298,函,信函,,1
4299,涵,涵養(涵养),,1
4301,庵,尼庵,,1
4303,纜,纜繩(缆绳),,1
4306,坎,坎坷,,1
4307,撼,震撼,,1
4308,勘,勘察,,1
4309,憾,遺憾(遗憾),,1
4323,蛤,圓蛤(圆蛤),圓蛤,1
4324,蛤,蛤蟆,蛤蟆,1
4331,歹,歹徒,,1
4338,踴,踴躍(踊跃),,1
4339,鴕,鴕鳥(鸵鸟),,1
4343,糯,糯米,,1
4345,焙,烘焙,,1
4360,砸,砸碎,,1
4374,剎,剎車(刹车),,1
4380,磺,硫磺,,1
4382,罕,罕見(罕见),,1
4383,耙,耙子,,1
4385,瑪,瑪瑙(玛瑙),,1
4388,籽,菜籽,,1
4390,啤,啤酒,,1
4394,揍,揍人,,1
4396,淌,流淌,,1
4405,嚎,嚎叫,,1
4406,擂,擂台,,1
4409,刨,刨子,,1
4410,胚,胚胎,,1
4413,碟,碟子,,1
4414,碘,碘酒,,1
4415,碳,碳酸,,1
4420,琉,琉璃,,1
4422,榕,榕樹(榕树),,1
4429,搗,搗亂(捣乱),,1
4430,跺,跺腳(跺脚),,1
4431,褂,褂子,,1
4433,舔,舔舐,,1
4434,鞍,馬鞍(马鞍),,1
4437,癱,癱瘓(瘫痪),,1
4442,摹,臨摹(临摹),,1
4443,嘀,嘀咕,,1
4448,腺,腺體(腺体),,1
4452,筷,筷子,,1
4453,惦,惦記(惦记),,1
4456,瀕,瀕臨(濒临),,1
4458,鋁,鋁(铝),,1
4461,崙,崑崙(昆仑),,1
4468,嗡,嗡嗡,,1
4469,嗦,囉嗦(啰嗦),,1
4473,嗆,嗆(呛),食急氣逆,1
4474,嗆,嗆鼻(呛鼻),嗆鼻,1
4475,嗅,嗅覺(嗅觉),,1
4480,鱷,鱷魚(鳄鱼),,1
4482,溯,追溯,,1
4488,烹,烹飪(烹饪),,1
4505,喲,哎喲(哎哟),,1
4506,喳,嘰嘰喳喳(叽叽喳喳),,1
4515,僱,僱傭(雇佣),,1
4520,啃,啃咬,,1
4527,屜,抽屜(抽屉),,1
4539,櫥,櫥櫃(橱柜),,1
4544,哼,哼歌,哼歌,1
4545,哼,哼,感歎詞,1
4549,哩,英哩,英哩,1
4550,哩,哩嚕,哩嚕,1
4554,瞄,瞄準(瞄准),,1
4562,叭,喇叭,,1
4563,茉,茉莉,,1
4580,嘿,嘿嘿,嘿嘿,1
4581,嘿,嘿,通「默」,1
4584,癌,癌症,,1
4586,蠕,蠕動(蠕动),,1
4602,咪,咪咪,,1
4603,咕,咕嚕(咕噜),,1
4604,咖,咖啡,,1
4606,咒,咒語(咒语),,1
4610,癮,上癮(上瘾),,1
4612,腮,腮幫(腮帮),,1
4615,媳,媳婦(媳妇),,1
4618,賬,帳賬(账账),,1
4622,俐,伶俐,,1
4623,玫,玫瑰,,1
4624,鍘,鍘刀(铡刀),,1
4631,埠,商埠,商埠，外埠,1
4632,埠,船埠,船埠，埠頭,1
4634,礁,礁石,,1
4638,錨,拋錨(抛锚),,1
4640,婿,女婿,,1
4641,袱,包袱,,1
4642,漩,漩渦(漩涡),,1
4650,吆,吆喝,,1
4654,晰,清晰,,1
4655,晾,晾曬(晾晒),,1
4657,拷,拷問(拷问),,1
4664,錳,錳(锰),,1
4671,哎,哎呀,,1
4672,菇,蘑菇,,1
4674,戳,戳破,,1
4686,蒂,花蒂,,1
4695,痘,痘痘,,1
4696,硼,硼砂,,1
4698,扼,扼殺(扼杀),,1
4702,蚜,蚜蟲(蚜虫),,1
4704,氯,氯氣(氯气),,1
4705,氫,氫氣(氢气),,1
4709,饃,饃饃(馍馍),,1
4711,垛,城垛,,1
4715,銼,銼刀(锉刀),,1
4718,唆,教唆,,1
4722,瘸,瘸腿,,1
4728,杈,樹杈(树杈),,1
4737,賒,賒欠(赊欠),,1
4744,鹵,鹵味(卤味),,1
4754,淤,淤泥,,1
4757,麩,麩皮(麸皮),,1
4765,駒,馬駒(马驹),,1
4770,豺,豺狼,,1
4773,揩,揩油,,1
4777,隘,狹隘(狭隘),,1
4781,蓖,蓖麻,,1
4783,薺,薺菜(荠菜),,1
4786,坯,土坯,,1
4789,頽,頽廢(颓废),,1
4791,茴,茴香,,1
4793,劊,劊子手(刽子手),,1
4799,荔,荔枝,,1
4807,痹,麻痹,,1
4808,秕,秕糠,,1
4812,咨,諮詢(咨询),,1
4820,肄,肄業(肄业),,1
4822,癡,癡呆(痴呆),,1
4837,臊,害臊,,1
4840,壕,壕溝(壕沟),,1
4850,拗,拗口,,1
4855,藐,藐視(藐视),,1
4856,剿,剿滅(剿灭),,1
4863,蕎,蕎麥(荞麦),,1
4874,毆,毆鬥(殴斗),,1
4879,餾,蒸餾(蒸馏),,1
4885,帚,掃帚(扫帚),,1
4908,鑷,鑷子(镊子),,1
4913,贍,贍養(赡养),,1
4916,檐,屋檐,,1
4919,鍁,鐵鍁(铁锨),,1
4920,杴,杴,,1
4921,腌,醃製(腌制),,1
4923,掂,掂量,,1
4928,諜,間諜(间谍),,1
4934,賃,租賃(租赁),,1
4935,檁,檁條(檩条),,1
4950,柬,柬帖,,1
4953,扳,扳手,扳手,1
4954,扳,扳機(扳机),,1
4959,鱉,鱉(鳖),,1
4960,憋,憋氣(憋气),,1
4961,娩,分娩,,1
4964,癬,癬(癣),,1
4966,涎,垂涎,,1
4970,膳,膳食,,1
4974,孽,孽障,,1
4975,蔫,發蔫(发蔫),,1
4979,蠍,蠍子(蝎子),,1
4980,謁,謁見(谒见),,1
4981,蔫,蔫,,1
4982,憋,憋悶(憋闷),,1
4985,攆,攆走(撵走),,1
4995,攢,積攢(积攒),,1
4999,豌,豌豆,,1
5003,篡,篡奪(篡夺),,1
5005,涮,涮羊肉,,1
5006,宦,宦官,,1
5015,礬,明礬(明矾),,1
5027,昵,昵稱(昵称),,1
5029,榛,榛子,,1
5034,釁,挑釁(挑衅),,1
5043,囤,囤積(囤积),,1
5047,瘟,瘟疫,,1
5053,椿,香椿,,1
5055,秫,秫秸,,1
5059,熏,熏陶,,1
5060,勳,功勛(功勋),,1
5061,葷,葷菜(荤菜),,1
5062,謗,誹謗(诽谤),,1
5078,芍,芍藥(芍药),,1
5079,瓤,瓜瓤,,1
5086,蝗,蝗蟲(蝗虫),,1
5101,夯,夯實(夯实),,1
5104,謄,謄寫(誊写),,1
5105,蹭,磨蹭,,1
5106,鯽,鯽魚(鲫鱼),,1
5128,纓,纓絡(缨络),,1
5132,嫡,嫡系,,1
5133,嫡,嫡出,,1
5134,錠,銀錠(银锭),,1
5147,捅,捅破,,1
5148,瞳,瞳孔,,1
5149,牘,簡牘(简牍),,1
5152,汞,汞,,1
5159,盅,酒盅,,1
5160,冗,冗長(冗长),,1
5165,茬,麥茬(麦茬),,1
5167,撣,撣子(掸子),,1
5168,焊,焊接,,1
5169,捻,捻轉(捻转),,1
5172,繮,繮繩(缰绳),,1
5176,氨,氨水,,1
5185,泵,水泵,,1
5186,匕,匕首,,1
5196,舶,船舶,,1
5202,捶,捶打,,1
5210,氮,氮氣(氮气),,1
5230,誹,誹謗(诽谤),,1
5235,鈣,鈣(钙),,1
5239,鎬,鎬頭(镐头),,1
5252,硅,硅谷,,1
5255,捍,捍衛(捍卫),,1
5275,蛔,蛔蟲(蛔虫),,1
5312,棱,棱角,,1
5320,鐐,鐐銬(镣铐),,1
5325,躪,蹂躪(蹂躏),,1
5335,侖,崑崙(昆仑),,1
5340,氓,流氓,,1
5383,黔,黔首,,1
5384,黔,黔驢技窮(黔驴技穷),,1
5386,撬,撬開(撬开),,1
5396,蹂,蹂躪(蹂躏),,1
5397,蹂,蹂躪(蹂躏),,1
5398,蹂,蹂躪(蹂躏),,1
5424,銑,銑床(铣床),,1
5432,邢,邢,,1
5434,酗,酗酒,,1
5454,熒,熒屏(荧屏),,1
5459,踊,踊躍(踊跃),,1
5490,秭,秭歸(秭归),,1
5493,詛,詛咒(诅咒),,1
5494,樽,酒樽,,1
5501,滓,渣滓,,1
5510,掰,掰開(掰开),,1
5525,梆,梆子,,1
5532,荸,荸薺(荸荠),,1
5548,碴,碴口,,1
5549,衩,褲衩(裤衩),,1
5605,瘩,疙瘩,,1
5614,襠,褲襠(裤裆),,1
5626,碉,碉堡,,1
5645,哆,哆嗦,,1
5668,鳧,鳧水(凫水),,1
5697,疙,疙瘩,,1
5758,幌,幌子,,1
5781,鉀,鉀肥(钾肥),,1
5782,鉀,氯化鉀(氯化钾),,1
5788,秸,秸稈(秸秆),,1
5827,銬,手銬(手铐),,1
5839,胯,胯骨,,1
5840,胯,胯下,,1
5841,胯,胯,,1
5899,咧,咧嘴,,1
5916,婁,婁(娄),,1
5941,鉚,鉚釘(铆钉),,1
5957,蘑,蘑菇,,1
5978,擰,擰開(拧开),,1
6061,颯,颯颯(飒飒),,1
6070,啥,啥,,1
6096,吮,吮吸,,1
6097,吮,吮乳,,1
6118,曇,曇花(昙花),,1
6122,搪,搪塞,,1
6140,笤,笤帚,,1
6171,捂,捂住,,1
6188,舷,船舷,,1
6203,芯,燈芯(灯芯),,1
6206,鋅,鋅(锌),,1
6224,汛,汛期,,1
6225,汛,潮汛,,1
6226,汛,防汛,,1
6234,唁,唁電(唁电),,1
6245,掖,掖縣(掖县),,1
6441,嘁,嘁嘁喳喳,,1
6566,淩,淩空(凌空),,1
6612,矾,明矾,,1
6650,栖,栖息,,1
6677,碱,碱性,,1
6684,癣,癣,,1
6696,虱,虱子,,1
7112,淀,沉淀,,1
7182,鰐,鳄鱼,,1
7832,灕,灕江(漓江),,1
8576,泝,泝流(溯流),,1
8579,遡,遡源(溯源),,1
8620,薹,蒜薹,,1
8965,衅,挑衅,,1
8996,卹,抚卹(抚恤),,1
9056,菴,草菴(草庵),,1
9244,踰,踰越(逾越),,1
9838,嘁,嘁嘁喳喳,,1
9869,猬,刺猬,,1
9979,檩,檩条,,1
