聲紐,呼,等,韻部,聲調,組,攝,單字,罕
定,開,一,咍,平,端,蟹,擡,2
明,開,三,支B,平,幫,止,縻,2
從,開,三,脂A,平,精,止,餈,3
莊,開,三,之,上,莊,止,滓,1
從,開,一,豪,上,精,效,皁,2
疑,開,一,豪,去,見,效,鏊,2
並,開,二,肴,平,幫,效,狍,2
影,開,四,蕭,平,影,效,幺,2
常,合,三,真A,平,章,臻,蓴,2
日,開,三,陽,平,,宕,穰,2
見,開,二,江,入,見,江,榷,2
澄,開,二,庚,去,知,梗,鋥,2
幫,開,二,耕,入,,梗,掰,1
影,開,三,鍾,上,,通,壅,2
生,開,二,麻,去,,假,嗄,2
影,開,二,夬,去,,蟹,嗄,2
,,,,,,,桉,2
,,,,,,,銨,2
,,,,,,,犴,2
疑,開,一,豪,平,見,效,嗷,2
疑,開,一,豪,平,見,效,鰲,2
影,開,一,豪,平,影,效,鏖,2
影,開,一,豪,上,影,效,媼,2
疑/疑,開/開,一/一,豪/号,平/去,,效/效,驁,2
幫,開,二,佳,上,幫,蟹,捭,2
並,開,一,寒,平,幫,山,瘢,2
幫,開,二,江,平,幫,江,梆,1
並/並,合/合,一/一,魂/灰,入/去,,臻/蟹,孛,2
幫,開,三,支B,去,,止,賁,2
幫,合,一,魂,平,,臻,賁,2
幫,合,一,魂,上,幫,臻,苯,2
,,,,,,,嘣,2
,,,,,,,荸,1
幫,開,三,脂B,去,幫,止,毖,2
幫,開,三,真A,入,幫,臻,篳,2
幫,開,三,清A,入,幫,梗,襞,2
幫,開,二,刪,平,,山,鯿,2
並,開,三,仙B,去,幫,山,卞,2
並,開,三,仙B,去,幫,山,弁,2
並,開,三,宵A,去,幫,效,驃,2
並,開,四,先,入,幫,山,蹩,2
幫,開,三,真A,去,幫,臻,擯,2
並,開,一,唐,入,幫,宕,亳,2
清,開,一,寒,去,精,山,粲,2
從/從,開/開,一/一,豪/豪,去/平,,效/效,漕,2
從,開,一,豪,平,精,效,螬,2
,,,,,,,嚓,2
,,,,,,,碴,1
初,開,二,佳,去,莊,蟹,衩,1
崇,開,二,皆,平,莊,蟹,儕,2
徹,開,二,夬,去,知,蟹,蠆,2
崇/崇/崇,開/開/開,二/三/二,山/仙B/山,平/平/上,,山/山/山,孱,2
澄,開,三,仙B,平,知,山,廛,2
崇/崇,開/開,二/二,銜/銜,平/上,,咸/咸,巉,2
徹,開,三,陽,上,,宕,昶,2
昌,開,三,陽,上,章,宕,氅,2
書,開,三,真A,去,章,臻,抻,2
徹,開,三,侵B,平,知,深,郴,2
昌,開,三,眞A,平,,臻,嗔,2
常,開,三,侵A,平,章,深,諶,2
初,開,三,侵B,上,莊,深,磣,2
徹,開,三,清B,平,知,梗,檉,2
初/初,開/開,二/二,庚/耕,平/平,,梗/梗,琤,2
,,,,,,,哧,2
徹,開,三,之,平,知,止,笞,2
,,,,,,,茌,2
澄,開,三,脂B,平,知,止,墀,2
澄,開,三,支B,平,知,止,踟,2
,,,,,,,呎,2
徹,開,三,支B,上,,止,褫,2
昌,開,三,真A,入,章,臻,叱,2
書,開,三,支A,去,章,止,啻,2
,,,,,,,瞅,2
澄,開,三,魚,平,知,遇,滁,2
澄,合,三,虞,平,知,遇,躕,2
常/端,合/合,三/一,仙A/桓,上/去,,山/山,踹,2
昌,合,三,仙A,去,章,山,釧,2
常,合,三,支A,平,章,止,陲,2
從,開,三,之,平,,止,鶿,2
從,合,一,冬,平,精,通,琮,2
清,開,一,侯,去,精,流,輳,2
清,開,一,侯,去,精,流,腠,2
從,開,一,模,平,精,遇,徂,2
從/從,合/合,一/三,魂/術,入/入,,臻/臻,捽,2
,,,,,,,攛,2
清,合,一,桓,去,,山,躥,2
清,合,一,寒,去,精,山,爨,2
從,合,三,脂A,去,精,止,瘁,2
,,,,,,,吋,2
,,,,,,,噠,2
端,開,一,覃,入,,咸,嗒,2
透,開,一,盍,入,,咸,嗒,2
端/端,開/開,一/一,覃/盍,入/入,,咸/咸,褡,2
端,開,一,曷,入,,山,怛,2
透,開,一,寒,入,端,山,躂,2
端/章,開/開,一/三,曷/薛A,入/入,,山/山,靼,2
,,,,,,,瘩,1
,,,,,,,甙,2
定,開,一,咍,上,端,蟹,迨,2
定,開,一,咍,去,端,蟹,埭,2
端,開,一,寒,平,端,山,簞,2
端/端,開/開,一/一,寒/寒,上/去,,山/山,疸,2
定,開,一,談,上,,咸,啖,2
定,開,一,談,去,,咸,啖,2
端,開,一,唐,平,端,宕,襠,1
定/定,開/開,一/一,唐/唐,去/平,,宕/宕,碭,2
,,,,,,,噔,2
端,開,一,登,去,端,曾,磴,2
端,開,四,齊,上,,蟹,砥,2
端,開,四,齊,去,端,蟹,骶,2
定,開,四,齊,去,端,蟹,棣,2
,,,,,,,嗲,2
端,開,四,先,平,,山,滇,2
定,開,四,先,平,,山,鈿,2
定,開,四,先,去,,山,鈿,2
端,開,四,蕭,平,,效,碉,1
定,開,四,添,入,端,咸,堞,2
定,開,四,添,入,端,咸,蹀,2
,,,,,,,啶,2
定,開,四,青,上,端,梗,鋌,2
,,,,,,,碇,2
,,,,,,,氡,2
定,開,一,東,去,,通,峒,2
定,開,一,東,平,,通,峒,2
透,開,一,東,平,,通,恫,2
定,開,一,東,去,,通,恫,2
,,,,,,,蔸,2
端,開,一,侯,平,端,流,篼,2
端,開,一,模,平,,遇,闍,2
常,開,三,麻,平,,假,闍,2
定,開,一,東,入,端,通,黷,2
,,,,,,,煅,2
端,合,一,魂,平,,臻,惇,2
,,,,,,,躉,2
昌,開,三,支A,上,,止,哆,1
影,開,一,曷,入,,山,閼,2
疑,開,一,唐,入,見,宕,萼,2
疑,開,一,唐,入,見,宕,鶚,2
,,,,,,,摁,2
日,開,三,之,平,,止,鮞,2
日/日,開/開,三/三,之/之,上/去,,止/止,洱,2
並,合,三,元,入,幫,山,閥,0
,,,,,,,琺,2
滂,合,三,元,平,幫,山,幡,2
滂,合,三,凡,上,幫,咸,釩,2
並,合,三,元,平,幫,山,燔,2
並,合,三,元,平,幫,山,蘩,2
幫,合,三,陽,平,幫,宕,匚,2
幫/並,合/合,三/三,微/微,上/去,,止/止,蜚,2
,,,,,,,蜚,2
並/並,合/合,三/三,微/微,平/去,,止/止,腓,2
,,,,,,,酚,2
並,合,三,文,平,幫,臻,汾,2
幫,合,三,虞,平,幫,遇,趺,2
並,合,三,虞,平,幫,遇,鳧,1
滂,合,三,物,入,,臻,茀,2
並,合,三,東,入,幫,通,茯,2
並,合,三,尤,平,幫,流,罘,2
並,合,三,虞,平,幫,遇,蚨,2
並,合,三,尤,平,幫,流,涪,2
滂,合,三,虞,上,幫,遇,拊,2
滂,合,三,東,入,幫,通,蝮,2
,,,,,,,旮,2
曉,開,二,銜,入,影,咸,呷,2
見,開,一,咍,平,見,蟹,垓,2
見,開,一,寒,平,見,山,玕,2
見,開,一,談,平,見,咸,苷,2
曉,開,一,唐,上,影,宕,酐,2
見,開,一,寒,去,見,山,旰,2
見,開,一,覃,去,見,咸,紺,2
見/見,開/開,一/一,覃/覃,上/去,,咸/咸,灨,2
知/曉,開/開,二/一,江/東,去/去,,江/通,戇,2
見,開,一,豪,平,,效,睾,2
見,開,一,豪,上,見,效,杲,2
見,開,一,豪,上,,效,縞,2
溪/見,開/開,一/一,豪/豪,上/上,,效/效,槁,2
見,開,一,豪,去,見,效,誥,2
,,,,,,,鋯,2
疑/疑,開/開,三/三,真B/迄,入/入,,臻/臻,圪,2
疑,開,三,欣,入,見,臻,疙,1
來,開,四,青,入,,梗,鬲,2
見,開,二,耕,入,,梗,鬲,2
見,開,二,耕,入,見,梗,嗝,2
見,開,二,耕,入,見,梗,膈,2
來,開,四,青,入,來,梗,鎘,2
見,開,二,庚,平,見,梗,賡,2
見,開,三,鍾,平,見,通,龔,2
,,,,,,,珙,2
曉,開,一,侯,去,影,流,佝,2
見,開,一,侯,上,見,流,笱,2
溪,開,一,模,平,見,遇,軲,2
見,開,一,模,平,見,遇,蛄,2
見,開,一,模,上,見,遇,鈷,2
匣,合,一,魂,入,,臻,鶻,2
見,合,一,魂,入,,臻,鶻,2
匣,合,二,鎋,入,,山,鶻,2
,,,,,,,臌,2
見,開,一,沃,入,,通,梏,2
見,開,一,模,去,見,遇,痼,2
見/見,合/合,一/二,末/黠,入/入,,山/山,鴰,2
匣,合,二,刪,上,,山,莞,2
見,合,二,刪,去,見,山,摜,2
見/見,合/合,一/一,桓/桓,去/上,,山/山,盥,2
,,,,,,,咣,2
見,合,四,青,上,,梗,炅,2
見,合,一,戈,平,,果,堝,2
見,合,二,耕,入,見,梗,蟈,2
見,合,二,耕,入,,梗,幗,2
見,合,二,耕,入,見,梗,膕,2
,,,,,,,氦,2
,,,,,,,晗,2
匣,開,一,覃,上,影,咸,菡,2
,,,,,,,頷,2
匣,開,一,唐,上,,宕,沆,2
匣,開,一,豪,上,影,效,顥,2
疑,開,一,咍,去,見,蟹,閡,2
匣,開,一,歌,平,,果,菏,2
見,開,一,歌,平,,果,菏,2
見,開,一,,入,,咸,頜,2
匣,開,一,,入,,咸,頜,2
匣,開,二,耕,入,影,梗,翮,2
匣,開,二,庚,平,影,梗,珩,2
匣,開,二,庚,平,影,梗,蘅,2
影,合,二,耕,平,影,梗,泓,2
曉,開,一,侯,平,影,流,齁,2
匣,開,一,侯,平,影,流,骺,2
匣,開,一,侯,平,影,流,篌,2
曉,開,一,模,平,影,遇,滹,2
曉,合,二,庚,入,,梗,砉,2
曉,合,四,青,入,,梗,砉,2
匣,合,二,麻,平,影,假,驊,2
曉,合,一,寒,平,影,山,獾,2
云/匣,合/合,三/一,元/桓,平/平,,臻/山,洹,2
曉,合,一,唐,平,影,宕,肓,2
匣,合,一,唐,平,影,宕,隍,2
匣,合,一,唐,平,影,宕,湟,2
匣,合,一,唐,平,影,宕,篁,2
匣,合,一,唐,上,影,宕,幌,1
影,合,一,泰,去,影,蟹,薈,2
,,,,,,,燴,2
影,合,一,唐,入,影,宕,蠖,2
見,開,三,微,平,見,止,璣,2
曉,開,三,真A,入,,臻,咭,2
精/精,開/開,四/四,齊/齊,平/去,,蟹/蟹,躋,2
群,開,三,微,平,見,止,畿,2
羣,開,三,業,入,,咸,笈,2
從,開,三,真A,入,精,臻,蒺,2
精,開,三,鹽A,入,精,咸,楫,2
羣,開,三,支A,平,,止,伎,2
羣,開,三,支B,上,,止,伎,2
羣,開,三,薛B,入,,山,偈,2
精,開,四,青,入,精,梗,勣,3
見,開,四,齊,去,見,蟹,薊,2
精,開,四,齊,去,精,蟹,霽,2
見,開,三,脂B,去,見,止,驥,2
見,開,二,麻,平,見,假,珈,2
見,開,二,麻,平,見,假,袈,2
見,開,二,山,入,見,山,戛,2
見,開,二,狎,入,,咸,岬,2
見/見,開/開,一/二,盍/狎,入/入,,咸/咸,鉀,1
見,開,四,添,平,見,咸,縑,2
,,,,,,,犟,2
見,開,二,肴,平,見,效,茭,2
見,開,二,肴,平,見,效,鮫,2
見,開,二,肴,上,,效,佼,2
見,開,二,山,入,見,山,秸,1
見,開,三,薛B,入,,山,訐,2
精,開,三,鹽A,入,精,咸,婕,2
見,開,三,元,入,見,山,羯,2
見,開,二,皆,去,,蟹,蚧,2
見,開,三,蒸,平,見,曾,矜,2
邪,開,三,真A,去,精,臻,燼,2
見,開,三,欣,去,見,臻,靳,2
精,開,三,真A,去,精,臻,縉,2
羣/羣,開/開,三/三,侵B/侵B,去/上,,深/深,噤,2
見/影,合/開,三/三,庚/庚,上/上,,梗/梗,璟,2
匣,開,四,青,去,,梗,脛,2
群,開,三,清A,上,見,梗,痙,2
見,合,四,青,上,見,梗,熲,2
清,開,三,魚,平,精,遇,狙,2
崇,開,三,魚,上,莊,遇,齟,2
溪/見,合/合,三/三,虞/虞,上/上,,遇/遇,踽,2
見,開,三,魚,去,見,遇,倨,2
見,合,四,先,平,見,山,蠲,2
見,合,三,仙A,去,見,山,鄄,2
見,開,二,江,入,見,江,珏,2
見,開,二,江,入,見,江,桷,2
見,合,三,祭B,去,,蟹,蹶,2
見,合,三,月,入,,臻,蹶,2
見,合,三,陽,入,見,宕,矍,2
見,合,三,陽,入,見,宕,攫,2
云,合,三,真B,平,影,臻,筠,2
精,合,三,真A,去,精,臻,儁,0
溪,開,一,咍,上,,蟹,闓,2
溪/見,開/開,二/二,皆/皆,上/平,,蟹/蟹,鍇,2
溪,開,一,覃,平,,咸,戡,2
溪,開,一,談,去,,咸,闞,2
曉,開,二,咸,上,,咸,闞,2
曉,開,二,銜,去,,咸,闞,2
溪,開,一,唐,去,見,宕,伉,2
,,,,,,,銬,1
溪,開,一,歌,平,見,果,珂,2
匣,開,一,咍,平,,蟹,頦,2
見,開,一,咍,上,,蟹,頦,2
溪,開,一,歌,上,見,果,岢,2
溪,開,一,唐,入,見,宕,恪,2
,,,,,,,氪,2
溪,開,二,耕,入,見,梗,緙,2
溪,開,一,東,去,,通,倥,2
溪,開,一,東,平,見,通,箜,2
溪,開,一,模,去,見,遇,絝,2
溪,開,一,模,平,見,遇,挎,0
溪/溪/溪,開/合/合,一/二/二,模/麻/麻,去/平/去,,遇/假/假,胯,1
見,合,一,泰,去,見,蟹,儈,2
溪,合,二,夬,去,見,蟹,噲,2
見/見,合/合,一/二,泰/佳,去/去,,蟹/蟹,獪,2
溪,合,一,桓,平,,山,髖,2
溪,合,三,陽,平,見,宕,劻,2
見,合,一,唐,上,,宕,鄺,2
溪,合,一,唐,去,見,宕,壙,2
,,,,,,,巋,2
羣,合,三,脂B,平,,止,馗,2
,,,,,,,喹,2
疑,合,二,皆,去,見,蟹,聵,2
羣,合,三,脂B,去,,止,簣,2
溪,合,一,魂,平,,臻,堃,2
見,合,一,魂,平,見,臻,琨,2
溪,合,一,魂,平,見,臻,髡,2
,,,,,,,旯,2
來,開,三,侵A,入,來,深,砬,2
來/來,開/開,一/一,咍/咍,平/去,,蟹/蟹,崍,2
來,開,一,咍,平,,蟹,徠,2
來,開,一,咍,平,來,蟹,淶,2
來,開,一,咍,去,來,蟹,賚,2
來/來/來,開/開/開,一/一/一,寒/寒/寒,平/上/去,,山/山/山,讕,2
來,開,一,談,平,來,咸,襤,2
來,開,一,寒,去,來,山,鑭,2
,,,,,,,啷,2
來,開,一,唐,平,,宕,閬,2
來,開,一,唐,去,,宕,閬,2
來,開,一,豪,去,來,效,癆,2
來,開,一,豪,平,來,效,醪,2
來,開,三,脂A,平,來,止,蜊,2
來,開,四,齊,平,來,蟹,藜,2
來,開,三,之,上,來,止,俚,2
來,開,三,之,上,來,止,娌,2
來,開,四,齊,上,來,蟹,澧,2
來,開,三,祭A,去,來,蟹,癘,2
來,開,四,青,入,,梗,櫟,2
以,開,三,陽,入,,宕,櫟,2
來,開,四,齊,去,來,蟹,儷,2
來,開,四,青,入,來,梗,癧,2
來,開,三,脂A,去,,止,蒞,2
來,開,三,祭A,去,來,蟹,礪,2
來,開,四,魂,入,,山,唳,2
來,開,四,齊,去,,蟹,唳,2
,,,,,,,傈,2
來,開,三,真A,入,來,臻,溧,2
來,開,三,仙A,平,來,山,槤,2
來,開,四,添,平,來,咸,濂,2
來/來,開/開,三/三,鹽A/鹽A,上/去,,咸/咸,瀲,2
來,開,一,唐,平,來,宕,莨,2
來,開,四,蕭,上,,效,蓼,2
來,開,三,東,入,,通,蓼,2
來,開,三,陽,入,,宕,撂,2
,,,,,,,咧,1
來,開,一,覃,平,來,咸,啉,2
來,開,三,真A,平,來,臻,璘,2
來,開,四,青,平,來,梗,苓,2
來,開,四,青,平,來,梗,囹,2
來,開,四,青,平,來,梗,瓴,2
來,開,四,青,平,來,梗,櫺,2
來,開,四,青,平,來,梗,呤,2
來/來,開/開,三/三,幽/尤,平/平,,流/流,鏐,2
來,開,三,尤,上,來,流,綹,2
來/來,開/開,一/三,東/鍾,平/平,,通/通,蘢,2
來,開,一,東,平,來,通,櫳,2
來/來,開/開,一/一,東/東,平/去,,通/通,礱,2
,,,,,,,矓,2
來,開,一,侯,平,,流,婁,1
來,開,一,侯,平,,流,僂,2
來,合,三,虞,平,,遇,蔞,2
來,開,一,侯,平,,流,蔞,2
來,合,三,虞,上,,遇,蔞,2
來,開,一,侯,平,來,流,螻,2
來,開,一,模,上,,遇,擼,2
來,開,一,模,平,來,遇,轤,2
來,開,三,魚,平,來,遇,臚,2
來,開,一,模,平,來,遇,鱸,2
來,開,三,鍾,入,來,通,籙,2
來,開,一,模,去,來,遇,潞,2
來,合,一,寒,平,來,山,欒,2
來,合,一,寒,平,來,山,灤,2
來,合,一,寒,平,來,山,鑾,2
,,,,,,,玀,2
來,開,一,唐,入,來,宕,珞,2
來,開,三,魚,平,來,遇,閭,2
來,開,一,侯,平,來,流,褸,2
來,合,三,虞,上,來,遇,褸,2
明,合,一,桓,去,幫,山,墁,2
,,,,,,,牤,2
明/明,開/合,一/一,唐/陽,平/平,幫,宕/宕,邙,2
明,合,三,陽,平,幫,宕,鋩,2
,,,,,,,鉚,1
明/明,開/開,一/二,豪/江,去/入,幫,效/覺,眊,2
明,開,一,侯,去,幫,流,懋,2
明,開,三,祭A,去,幫,蟹,袂,2
明,合,一,魂,平,幫,臻,捫,2
明,合,一,魂,去,,臻,懣,2
,,,,,,,勐,2
,,,,,,,嘧,2
明,開,三,仙A,上,幫,山,湎,2
明,開,三,宵A,上,幫,效,淼,2
明,開,三,真B,上,幫,臻,閔,2
明,開,四,青,上,幫,梗,茗,2
明,開,四,青,平,幫,梗,溟,2
明,開,四,青,上,幫,梗,酩,2
明,開,一,模,平,幫,遇,謨,2
,,,,,,,蘑,1
明,開,一,寒,入,幫,山,秣,2
明,開,二,庚,入,,梗,貉,2
匣,開,一,鐸,入,,宕,貉,2
明,開,二,庚,入,幫,梗,貘,2
,,,,,,,氖,2
娘,開,二,刪,上,知,山,赧,2
,,,,,,,囔,2
娘,開,二,肴,平,知,效,呶,2
娘,開,二,肴,去,知,效,淖,2
泥,合,一,魂,入,端,臻,訥,2
娘,開,三,脂B,平,知,止,怩,2
疑,開,四,齊,平,見,蟹,鯢,2
娘,開,三,支B,上,知,止,旎,2
疑,開,四,齊,去,見,蟹,睨,2
端/端,開/開,四/四,蕭/蕭,上/去,,效/效,蔦,2
泥,開,四,蕭,上,端,效,嫋,2
,,,,,,,乜,2
明,開,三,麻,上,,假,乜,2
疑,開,三,薛B,入,,山,櫱,2
,,,,,,,擰,1
,,,,,,,忸,2
孃,開,三,東,入,,通,忸,2
孃,開,二,江,平,,江,噥,2
泥,開,一,冬,平,,通,噥,2
泥,開,一,歌,平,端,果,儺,2
,,,,,,,喏,2
日,開,三,麻,上,,假,喏,2
,,,,,,,搦,2
孃/日,開/開,三/三,東/東,入/入,,通/通,衄,2
疑,開,一,侯,上,見,流,耦,2
滂,開,二,麻,平,幫,假,葩,2
並,開,二,皆,平,幫,蟹,俳,2
並,開,一,寒,平,幫,山,槃,2
滂,開,一,寒,去,幫,山,泮,2
,,,,,,,耪,2
,,,,,,,呸,2
,,,,,,,嘭,2
滂,開,四,齊,平,,蟹,砒,2
並,開,三,脂A,平,幫,止,毗,2
並,開,三,支A,平,,止,蜱,2
並,開,四,齊,平,幫,蟹,鼙,2
並/幫,開/開,三/三,脂B/脂B,上/上,,止/止,痞,2
幫,開,三,尤,上,,流,痞,2
滂,開,四,齊,去,幫,蟹,睥,2
滂,開,三,宵A,去,,效,剽,2
滂,開,三,宵A,平,幫,效,嘌,2
並,開,三,真A,平,幫,臻,嬪,2
並,開,一,歌,平,幫,果,鄱,2
,,,,,,,噗,2
幫,開,一,東,入,幫,通,濮,2
羣,開,三,微,平,,止,圻,2
群,開,三,支A,平,見,止,芪,2
群,開,三,微,平,見,止,頎,2
群,開,三,之,平,見,止,祺,2
群,開,三,之,平,見,止,綦,2
羣,開,三,之,平,,止,蘄,2
清,開,三,緝A,入,,深,葺,2
溪,開,二,麻,去,見,假,髂,2
,,,,,,,扦,2
群,開,三,鹽B,平,見,咸,鈐,2
群,開,三,鹽B,平,見,咸,箝,2
,,,,,,,戧,2
從/生,開/開,三/三,陽/蒸,平/入,,宕/曾,嬙,2
溪/溪,開/開,二/二,山/耕,平/平,,山/梗,羥,2
清,開,三,陽,平,精,宕,蹌,2
溪,開,三,宵B,平,見,效,橇,2
羣,開,三,宵B,去,,效,嶠,2
羣,開,三,宵B,平,,效,嶠,2
從,開,三,宵A,去,精,效,誚,2
溪,開,四,先,入,見,山,挈,2
,,,,,,,趄,2
清,開,三,魚,平,,遇,趄,2
溪,開,三,侵B,平,見,深,衾,2
群,開,三,侵B,平,見,深,芩,2
,,,,,,,氰,2
群,開,三,鍾,平,見,通,邛,2
精,開,三,尤,平,,流,湫,2
清,開,三,尤,平,精,流,楸,2
群,開,三,幽,平,見,流,虯,2
,,,,,,,祛,2
,,,,,,,蛐,2
群,合,三,虞,平,見,遇,癯,2
群,合,三,虞,平,見,遇,衢,2
,,,,,,,蠼,2
溪,合,三,虞,上,見,遇,齲,2
溪,合,四,青,入,見,梗,闃,2
清,合,三,仙A,平,精,山,荃,2
清,合,三,仙A,平,精,山,筌,2
,,,,,,,醛,2
見,合,四,齊,去,見,蟹,炔,2
溪,合,四,先,入,見,山,闋,2
清,合,三,真A,平,精,臻,逡,2
日,開,三,陽,平,日,宕,禳,2
,,,,,,,嬈,2
日,開,三,侵A,上,日,深,荏,2
日,合,三,虞,平,,遇,濡,2
,,,,,,,偌,2
,,,,,,,仨,2
心,開,一,覃,入,精,咸,颯,1
,,,,,,,噻,2
心,開,一,覃,上,精,咸,糝,2
心,開,一,豪,平,,效,繅,2
心,開,一,豪,去,精,效,瘙,2
,,,,,,,銫,2
生,開,三,蒸,入,莊,曾,穡,2
,,,,,,,痧,2
生,開,二,麻,平,莊,假,裟,2
,,,,,,,啥,1
生,開,二,銜,平,莊,咸,芟,2
,,,,,,,舢,2
生/生,開/開,二/二,刪/刪,平/上,,山/山,潸,2
常/常,開/開,三/三,仙A/仙A,去/上,,山/山,鄯,2
,,,,,,,嬗,2
常,開,三,仙A,上,,山,鱔,2
書,開,三,陽,平,章,宕,殤,2
生,開,二,肴,平,莊,效,筲,2
生,開,二,肴,平,,效,艄,2
,,,,,,,猞,2
書,開,三,麻,平,,假,畲,2
生,開,三,臻,平,莊,臻,詵,2
,,,,,,,砷,2
船,開,三,蒸,去,章,曾,嵊,2
船,開,三,脂A,去,章,止,諡,2
書,開,三,清A,入,章,梗,奭,2
書,開,三,清A,入,章,梗,螫,2
常/常,開/開,三/三,尤/尤,上/去,,流/流,綬,2
,,,,,,,疋,2
書,開,三,東,入,章,通,菽,2
常/章,合/合,三/三,虞/虞,去/去,,遇/遇,澍,2
從/船,合/合,三/三,仙A/諄,上/上,,山/臻,吮,1
章/常,開/開,三/三,陽/陽,入/入,,宕/宕,妁,2
書,開,三,陽,入,章,宕,鑠,2
生,開,三,脂B,平,莊,止,螄,2
,,,,,,,鍶,2
邪,開,三,之,上,精,止,汜,2
心,開,三,脂A,去,精,止,泗,2
心,開,三,鍾,平,精,通,淞,2
生,開,三,尤,平,,流,溲,2
,,,,,,,僳,2
,,,,,,,簌,2
,,,,,,,睢,2
心,合,一,魂,平,精,臻,蓀,2
心,開,一,歌,平,精,果,挲,2
,,,,,,,羧,2
,,,,,,,嗩,2
心,開,一,覃,入,精,咸,趿,2
透,開,一,寒,入,端,山,撻,2
,,,,,,,肽,2
,,,,,,,鈦,2
定,開,一,覃,平,端,咸,曇,1
定,開,一,談,平,端,咸,郯,2
,,,,,,,羰,2
,,,,,,,蹚,2
定,開,一,唐,平,端,宕,搪,1
定,開,一,唐,平,端,宕,溏,2
透,開,一,唐,上,,宕,帑,2
泥,開,一,模,平,,遇,帑,2
透,開,一,唐,上,,宕,儻,2
定/定,開/開,一/一,豪/豪,去/平,,效/效,燾,2
透,開,一,豪,平,端,效,韜,2
透,開,一,豪,平,端,效,饕,2
透,開,一,豪,平,,效,洮,2
定,開,四,齊,平,端,蟹,銻,2
定,開,四,齊,平,端,蟹,鵜,2
透,開,四,青,入,端,梗,逖,2
定/定,開/開,四/四,齊/齊,上/去,,蟹/蟹,悌,2
透,開,四,蕭,平,,效,佻,2
定,開,四,蕭,平,,效,佻,2
定,開,四,蕭,平,端,效,苕,2
,,,,,,,笤,1
透,開,四,先,入,端,山,餮,2
見,開,四,青,上,見,梗,烴,2
,,,,,,,酮,2
定,開,一,東,平,,通,潼,2
定,開,一,東,去,端,通,慟,2
定,開,一,侯,平,端,流,骰,2
,,,,,,,坨,2
定,開,一,歌,上,端,果,柁,2
,,,,,,,砣,2
透,開,一,唐,入,端,宕,柝,2
透,開,一,唐,入,端,宕,籜,2
,,,,,,,佤,2
影,合,二,皆,平,影,蟹,崴,2
影,合,二,刪,上,,山,綰,2
明,合,三,陽,上,幫,宕,罔,2
影,合,三,微,平,影,止,葳,2
云,合,三,微,平,影,止,幃,2
以,合,三,脂A,平,以,止,濰,2
娘,合,三,支B,去,知,止,諉,2
影,合,一,灰,上,影,蟹,猥,2
云,合,三,微,上,影,止,韙,2
影,合,三,支B,平,,止,痿,2
明,合,三,文,去,,臻,汶,2
,,,,,,,撾,2
知,合,二,麻,平,,假,撾,2
影,合,一,戈,平,,果,萵,2
影,開,二,江,入,影,江,幄,2
明,合,三,虞,上,幫,遇,廡,2
疑,開,一,模,去,見,遇,忤,2
明,合,三,虞,上,幫,遇,嫵,2
疑,開,一,模,去,見,遇,捂,1
,,,,,,,牾,2
明,合,三,虞,去,幫,遇,騖,2
明/明,開/合,一/三,東/虞,入/去,,通/遇,鶩,2
徹,開,三,脂B,平,知,止,郗,2
,,,,,,,唏,2
,,,,,,,硒,2
曉,開,三,侵B,入,影,深,翕,2
心,開,四,青,入,精,梗,皙,2
曉/曉,開/開,三/三,微/微,上/平,,止/止,豨,2
曉,開,三,之,平,影,止,僖,2
,,,,,,,樨,2
匣,開,四,青,入,影,梗,覡,2
,,,,,,,氙,2
,,,,,,,酰,2
匣,開,四,先,平,影,山,舷,1
匣,開,二,山,平,影,山,癇,2
曉,開,四,先,上,,山,蜆,2
心,開,三,陽,平,精,宕,驤,2
見,開,四,蕭,平,,效,梟,2
,,,,,,,梟,2
曉,開,四,蕭,平,影,效,嘵,2
云,開,三,宵B,平,影,效,鴞,3
,,,,,,,擷,2
匣,開,四,添,入,影,咸,勰,2
匣,開,四,先,入,影,山,纈,2
見,開,二,佳,去,見,蟹,廨,2
心,開,四,添,入,精,咸,燮,2
心,開,四,添,入,精,咸,躞,2
曉,開,三,欣,平,影,臻,訢,3
,,,,,,,芯,1
曉,開,三,欣,平,影,臻,忻,2
曉,開,三,欣,平,影,臻,昕,2
,,,,,,,鋅,1
曉,開,三,侵B,平,影,深,歆,2
心,開,三,真A,去,精,臻,囟,2
匣,開,二,庚,上,影,梗,荇,2
匣,開,四,青,上,,梗,悻,2
匣,開,四,青,上,,梗,悻,2
曉,開,三,尤,平,影,流,貅,2
邪,開,三,尤,去,精,流,岫,2
,,,,,,,溴,2
曉,合,三,虞,平,影,遇,盱,2
曉,開,三,燭,入,,通,頊,2
曉,合,三,蒸,入,影,曾,洫,2
心,開,三,東,入,精,通,蓿,2
群,開,三,陽,入,見,宕,噱,2
定,開,一,覃,平,端,咸,蕁,2
心,合,三,真A,平,精,臻,峋,2
心,合,三,諄,平,,臻,洵,2
,,,,,,,鱘,2
心/心/生,開/開/開,三/四/二,眞A/先/佳,去/去/去,,臻/山/蟹,汛,1
邪,合,三,真A,去,精,臻,徇,2
心,合,一,魂,去,精,臻,巽,2
以,開,三,麻,平,,假,琊,2
影,開,二,麻,去,影,假,婭,2
,,,,,,,氬,2
影,開,三,元,上,影,山,偃,2
以,開,三,鹽A,上,以,咸,琰,2
疑,開,三,仙B,去,見,山,唁,1
以,開,三,鹽A,去,以,咸,灩,2
疑,開,二,刪,去,見,山,贗,2
以,開,三,陽,平,以,宕,暘,3
以,開,三,陽,平,,宕,煬,2
以,開,三,陽,去,,宕,煬,2
以,開,三,陽,平,,宕,佯,2
影/影,開/開,三/三,陽/陽,去/上,,宕/宕,怏,2
以,開,三,宵A,平,,效,徭,2
以,開,三,尤,平,,流,繇,2
以,開,三,清A,入,以,梗,掖,1
,,,,,,,揶,2
疑,開,三,嚴,入,見,咸,鄴,2
云/云,開/開,三/三,緝B/葉B,入/入,,深/咸,曄,2
影,開,三,脂A,平,影,止,咿,2
,,,,,,,銥,2
影/影,開/開,三/三,支B/支B,平/上,,止/止,猗,2
影,開,三,之,平,,止,噫,2
以,開,三,之,平,,止,詒,2
以,開,三,脂A,平,以,止,痍,2
以,開,三,之,上,以,止,苡,2
影,開,三,支B,上,,止,旖,2
影,開,三,支B,平,,止,旖,2
以,開,三,清A,入,以,梗,懌,2
以,開,三,真A,入,,臻,軼,2
定,開,四,魂,入,,山,軼,2
影,開,三,侵B,入,影,深,悒,2
影,開,三,蒸,入,影,曾,癔,2
影,開,三,侵B,平,,深,喑,2
疑/疑,開/開,三/三,眞B/欣,平/平,,臻/臻,狺,2
,,,,,,,鄞,2
以,開,三,真A,去,以,臻,胤,2
影,開,二,耕,平,影,梗,嚶,2
影,開,三,清A,平,影,梗,瓔,2
以,開,三,清A,平,以,梗,楹,2
以,開,三,清A,平,以,梗,嬴,2
以,開,三,清A,上,以,梗,郢,2
影,開,三,清A,上,影,梗,癭,2
常,開,三,鍾,平,章,通,慵,2
,,,,,,,壅,2
影,開,三,鍾,平,,通,臃,2
常/以,開/開,三/三,鍾/鍾,平/平,,通/通,鱅,2
影,開,三,幽,平,影,流,呦,2
以,開,三,尤,平,以,流,猷,2
以,開,三,尤,上,以,流,牖,2
以,開,三,魚,平,以,遇,璵,2
以,開,三,魚,平,,遇,歟,2
以,合,三,虞,平,,遇,臾,2
,,,,,,,揄,2
疑,開,三,鍾,平,見,通,喁,2
以,合,三,虞,平,以,遇,腴,2
以/以,合/合,三/三,虞/虞,平/去,,遇/遇,覦,2
影,合,三,虞,上,影,遇,傴,2
以,合,三,真A,入,以,臻,聿,2
疑,開,三,燭,入,,通,鈺,2
曉,合,三,蒸,入,影,曾,閾,2
云,合,三,元,平,影,山,爰,2
疑,合,三,元,平,,臻,黿,2
云,合,三,元,平,,臻,媛,2
云,合,三,仙B,去,,山,媛,2
云,合,三,仙B,去,影,山,瑗,2
云,合,三,元,入,影,山,鉞,2
云,合,三,文,平,影,臻,紜,2
云,合,三,文,去,影,臻,鄆,2
影,合,三,文,上,影,臻,惲,2
影,合,一,魂,平,,臻,韞,2
影,合,三,文,上,,臻,韞,2
精,開,一,,入,,咸,匝,2
精,開,一,,入,,咸,咂,2
莊,開,二,麻,去,,假,咋,2
莊,開,二,耕,入,,梗,咋,2
崇,開,二,庚,入,,梗,咋,2
從,開,一,寒,上,精,山,瓚,2
崇,開,二,耕,入,莊,梗,賾,2
精,開,三,蒸,去,精,曾,甑,2
章,開,三,仙A,平,章,山,旃,2
,,,,,,,譫,2
定,開,一,盍,入,,咸,譫,2
知,開,三,鹽B,平,知,咸,霑,2
,,,,,,,譫,2
章,開,一,盍,入,,咸,譫,2
章,開,三,陽,去,章,宕,嶂,2
,,,,,,,幛,2
端,合,一,歌,上,端,果,鍺,2
章,開,三,麻,去,章,假,柘,2
章,開,三,麻,去,章,假,鷓,2
章,開,三,侵A,平,章,深,箴,2
章/章,開/開,三/三,眞A/眞A,上/平,,臻/臻,畛,2
章,開,三,眞A,上,,臻,縝,2
,,,,,,,縝,2
初,開,二,耕,平,莊,梗,錚,2
章,開,三,脂A,平,章,止,祗,2
章,開,三,清A,入,章,梗,跖,2
章,開,三,之,上,章,止,沚,2
,,,,,,,酯,2
澄,開,三,真B,入,知,臻,帙,2
章,開,三,真A,入,章,臻,桎,2
章,開,三,脂A,去,章,止,鷙,2
初,開,三,尤,平,,流,謅,2
澄,開,三,東,入,,通,妯,2
徹,開,三,尤,平,,流,妯,2
澄,開,三,尤,去,知,流,胄,2
澄,開,三,燭,入,,通,躅,2
,,,,,,,躅,2
章,開,三,魚,上,章,遇,渚,2
章,合,三,仙A,平,章,山,顓,2
知,合,三,仙B,去,知,山,囀,2
崇/崇,合/合,二/三,刪/仙B,上/去,,山/山,饌,2
章,開,三,陽,入,章,宕,斫,2
精,開,三,支A,平,精,止,貲,2
莊,開,三,之,平,莊,止,淄,2
莊,開,三,支B,平,莊,止,齜,2
精,開,一,東,入,精,通,鏃,2
從,開,一,模,去,精,遇,祚,2
,,,,,,,唑,2
,,,,,,,,3
澄,開,三,藥,入,知,宕,着,0
章,開,三,陽,平,章,宕,獐,2
知,開,三,藥,入,知,宕,着,0
群,合,三,文,平,見,臻,羣,0
崇,開,二,庚,平,莊,梗,傖,2
匣,開,二,皆,去,影,蟹,瀣,2
滂,開,三,支B,平,幫,止,鈹,2
幫,開,三,脂,去,幫,止,鉍,2
,,,,,,,鎳,2
,,,,,,,婀,2
,,,,,,,鎵,2
,,,,,,,銣,2
,,,,,,,鉬,2
,,,,,,,銦,2
,,,,,,,鈮,2
,,,,,,,鉭,2
,,,,,,,釙,2
幫,合,三,陽,平,幫,宕,鈁,2
,,,,,,,釷,2
,,,,,,,鈈,2
,,,,,,,苄,2
,,,,,,,錒,2
,,,,,,,氘,2
,,,,,,,蒽,2
,,,,,,,碸,2
,,,,,,,呋,2
,,,,,,,坩,2
見,開,一,模,平,見,遇,胍,2
,,,,,,,焓,2
,,,,,,,腈,2
,,,,,,,醌,2
,,,,,,,脒,2
,,,,,,,萘,2
,,,,,,,脲,2
,,,,,,,哌,2
,,,,,,,巰,2
,,,,,,,酞,2
,,,,,,,熵,2
,,,,,,,醣,0
,,,,,,,吡,2
,,,,,,,吲,2
,,,,,,,哚,2
,,,,,,,孬,2
,,,,,,,朊,2
,,,,,,,仂,2
,,,,,,,佧,2
,,,,,,,倮,2
,,,,,,,傯,2
,,,,,,,氽,2
,,,,,,,氚,2
,,,,,,,凇,2
見,合,三,陽,去,見,宕,誑,2
生,開,三,東,入,莊,通,謖,2
,,,,,,,坌,2
,,,,,,,圩,2
,,,,,,,垸,2
,,,,,,,垸,2
,,,,,,,塄,2
,,,,,,,艿,2
,,,,,,,艿,2
來,開,四,青,入,來,梗,藶,2
曉,開,三,陽,平,影,宕,薌,2
心,開,三,東,平,精,通,菘,2
,,,,,,,菪,2
,,,,,,,葶,2
生,開,二,江,入,莊,江,蒴,2
,,,,,,,夼,2
見,開,三,侵B,入,見,深,芨,2
,,,,,,,搠,2
精,合,一,寒,入,精,山,攥,2
,,,,,,,卟,2
,,,,,,,呔,2
,,,,,,,哐,2
,,,,,,,噝,2
,,,,,,,呲,2
,,,,,,,啵,2
,,,,,,,啵,2
,,,,,,,唰,2
,,,,,,,嗪,2
匣,開,一,豪,平,影,效,嗥,2
,,,,,,,噯,2
,,,,,,,嗵,2
,,,,,,,嘞,2
精,開,一,覃,入,精,咸,嘁,1
,,,,,,,噘,2
,,,,,,,囝,2
清,開,三,清A,平,精,梗,圊,2
,,,,,,,帔,2
匣,開,四,先,上,影,山,峴,2
,,,,,,,嶴,2
,,,,,,,岣,2
,,,,,,,峁,2
以,開,三,清A,入,以,梗,嶧,2
,,,,,,,崮,2
,,,,,,,嶁,2
,,,,,,,噙,2
,,,,,,,猁,2
初,開,二,耕,平,莊,梗,噌,2
,,,,,,,懨,2
,,,,,,,惝,2
滂,合,三,東,平,幫,通,灃,2
見,開,三,仙B,上,見,山,謇,2
疑,合,三,元,平,見,山,沅,2
知,開,三,魚,平,知,遇,瀦,2
,,,,,,,羼,2
影,合,三,虞,平,影,遇,紆,2
,,,,,,,縵,2
幫,開,三,真B,平,幫,臻,玢,2
,,,,,,,玳,2
以,開,三,宵A,平,以,效,珧,2
澄,開,二,肴,去,知,效,棹,2
,,,,,,,棰,2
見,合,三,虞,上,見,遇,榘,0
,,,,,,,槭,2
從,開,三,陽,平,精,宕,檣,2
崇,開,二,麻,平,莊,假,楂,2
以,合,三,仙A,平,以,山,櫞,2
,,,,,,,槭,2
日,開,三,之,去,日,止,珥,2
透,開,一,談,去,端,咸,賧,2
,,,,,,,犛,2
定,開,一,東,去,端,通,胴,2
見,合,一,寒,上,見,山,脘,2
書,合,三,虞,去,章,遇,腧,2
,,,,,,,媵,2
,,,,,,,歙,2
,,,,,,,歙,2
,,,,,,,颮,2
影,開,三,支B,平,影,止,欹,2
,,,,,,,焱,2
,,,,,,,煊,2
,,,,,,,砭,2
崇,開,二,夬,去,莊,蟹,砦,2
,,,,,,,硌,2
,,,,,,,硌,2
,,,,,,,碚,2
幫,合,三,元,去,幫,山,畈,2
影,合,三,元,上,影,山,畹,2
,,,,,,,鐗,2
,,,,,,,鐗,2
疑,開,一,唐,入,見,宕,鍔,2
滂,合,三,虞,平,幫,遇,稃,2
,,,,,,,稹,2
知,開,三,鍾,入,知,通,瘃,2
,,,,,,,癜,2
並,合,三,元,平,幫,山,袢,2
,,,,,,,褳,2
,,,,,,,褙,2
日,合,三,虞,平,日,遇,襦,2
,,,,,,,頇,2
日,開,三,鹽A,入,日,咸,顳,2
明,開,一,寒,平,幫,山,顢,2
以,開,三,尤,平,以,流,蚰,2
影,開,三,幽,上,影,流,蚴,2
見,開,四,添,入,見,咸,蛺,2
云,合,三,庚,平,影,梗,蠑,2
,,,,,,,螋,2
,,,,,,,螅,2
,,,,,,,笸,2
精,開,三,清A,平,精,梗,箐,2
溪,開,四,添,入,見,咸,篋,2
,,,,,,,籪,2
,,,,,,,糌,2
,,,,,,,趔,2
,,,,,,,踅,2
見,開,二,麻,平,見,假,跏,2
,,,,,,,蹁,2
見,開,四,先,平,見,山,鰹,2
莊,開,三,之,平,莊,止,鯔,2
,,,,,,,鰳,2
,,,,,,,鱈,2
,,,,,,,韃,2
,,,,,,,鞣,2
,,,,,,,髁,2
,,,,,,,髭,2
,,,,,,,麇,2
,,,,,,,麇,2
見,開,三,脂B,上,見,止,麂,2
來,開,四,齊,平,來,蟹,黧,2
精,開,一,豪,去,精,效,竈,0
滂,合,三,鍾,平,幫,通,峯,0
,,,,,,,坩,2
,,,,,,,堝,2
明,開,四,先,去,幫,山,麪,0
並,開,二,銜,去,幫,咸,湴,3
幫,開,二,肴,平,,效,齙,3
,,,,,,,屄,3
並,開,三,職,入,,曾,煏,3
幫,開,三,真B,入,幫,臻,潷,3
徹,開,三,支B,平,知,止,魑,3
徹/來,開/開,三/三,支B/支A,平/平,,止/止,黐,3
徹,開,三,清B,入,知,梗,彳,3
定,開,一,寒,平,端,山,胆,0
,,,,,,,氹,3
端,開,一,登,上,,曾,戥,3
定,開,一,東,去,,通,戙,3
,,,,,,,奀,3
見,合,三,脂B,上,見,止,簋,3
匣,合,二,刪,上,影,山,鯇,3
見,開,二,麻,平,見,假,豭,3
,,,,,,,焗,3
溪,開,一,咍,去,見,蟹,嘅,3
,,,,,,,冚,3
,,,,,,,墈,3
來,開,三,支A,去,來,止,詈,3
來,開,三,陽,上,來,宕,魎,3
來,開,四,青,平,來,梗,泠,3
來,開,三,蒸,平,來,曾,淩,1
來,開,一,模,平,來,遇,艫,3
來/來,合/合,三/三,仙A/仙A,上/去,,山/山,孌,3
來,合,三,仙A,上,,山,臠,3
明,開,二,刪,去,幫,山,嫚,3
明,開,一,歌,平,幫,果,劘,3
明,開,三,支A,上,,止,芈,3
明,開,四,青,入,幫,梗,糸,3
,,,,,,,褦,3
滂,開,三,昔,入,,梗,辟,0
羣,開,三,侵B,平,,深,黚,3
羣,開,三,鹽B,平,,咸,黚,3
生,開,二,覺,入,,江,欶,3
明,合,三,陽,上,幫,宕,魍,3
,,,,,,,炆,3
影,合,三,文,上,,臻,搵,3
影,開,四,先,上,,山,躽,3
疑,開,三,魚,上,見,遇,圉,3
以,開,三,東,入,以,通,逳,3
澄,開,三,藥,入,知,宕,着,0
知,開,三,藥,入,知,宕,着,0
匣,開,二,皆,去,影,蟹,瀣,2
云,合,三,支B,平,影,止,為,0
云,合,三,支B,去,影,止,為,0
,,,,,,,鈧,3
,,,,,,,鎵,2
,,,,,,,銣,2
,,,,,,,鉬,2
,,,,,,,鍀,3
,,,,,,,銠,3
,,,,,,,鐠,3
,,,,,,,釹,3
,,,,,,,鉕,3
,,,,,,,鈥,3
,,,,,,,鈮,2
,,,,,,,鋨,3
日,開,三,脂A,去,日,止,弍,3
,,,,,,,釙,2
幫,合,三,陽,平,幫,宕,鈁,2
,,,,,,,釷,2
,,,,,,,鈈,2
,,,,,,,鎄,3
,,,,,,,鎇,3
,,,,,,,鍆,3
,,,,,,,氘,0
,,,,,,,矾,1
,,,,,,,碸,2
,,,,,,,蒄,3
,,,,,,,脲,2
,,,,,,,氕,3
,,,,,,,巰,2
,,,,,,,吲,2
,,,,,,,哚,2
,,,,,,,氚,2
,,,,,,,叻,3
,,,,,,,玳,2
精,開,一,豪,去,精,效,竈,2
泥,開,四,添,平,端,咸,鯰,2
見,開,一,覃,入,見,咸,鉿,2
見,開,,微,平,見,止,鉿,
,,,,,,,,
,,,,,,,埯,
清,開,三,侵A,去,精,深,吣,3
